Function,a(short tmp),a.cpp,12,13,14
satic Function,int b(int a, int b),a.cpp,229,230,231
Function,none(),b.h,30,31,32
private Function,"C::c(int a)",c.cpp,23,24,25
Function,D::d(),d.h,321,322,333
Function,D::dd(),d.h,366,367,368
Class,D,D.h,388,389,390
public Function,e(),E.h,400,401,402
static Class,GG,g.cs,666,667,668
Namespace,H,h.cs,741,742,743
Function,HH.H.HFunc(int a, int b),h.cs,823,824,825
public Function,III.II.I,i.cs,987,988,989
Function,JJJJ.JJJ.JJ.J(double a),j.cs,1080,1081,1082
Function,KKK.KK.K(void),k.cs,1122,1123,1124